modal,regiao,endereco_retirada,data_hora
BICYCLE,NOVA IGUACU,"Rodovia Presidente Dutra, 13006, Prata, NOVA IGUACU, Brazil",2020-05-16 13:34:38.779
BICYCLE,NOVA IGUACU,"Rodovia Presidente Dutra, 13006, Prata, NOVA IGUACU, Brazil",2020-05-17 12:00:32.663
BICYCLE,NOVA IGUACU,"Rodovia Presidente Dutra, 13006, Prata, NOVA IGUACU, Brazil",2020-05-17 12:11:20.621
BICYCLE,NOVA IGUACU,"Rodovia Presidente Dutra, 13006, Prata, NOVA IGUACU, Brazil",2020-05-17 13:15:51.350
BICYCLE,NOVA IGUACU,"Rodovia Presidente Dutra, 13006, Prata, NOVA IGUACU, Brazil",2020-05-17 14:12:56.318
BICYCLE,NOVA IGUACU,"Rodovia Presidente Dutra, 13006, Prata, NOVA IGUACU, Brazil",2020-05-19 09:11:11.173
BICYCLE,NOVA IGUACU,"Rodovia Presidente Dutra, 13006, Prata, NOVA IGUACU, Brazil",2020-05-19 09:11:45.054
BICYCLE,NOVA IGUACU,"Rodovia Presidente Dutra, 13006, Prata, NOVA IGUACU, Brazil",2020-05-20 17:53:34.788
BICYCLE,NOVA IGUACU,"Rodovia Presidente Dutra, 13006, Prata, NOVA IGUACU, Brazil",2020-05-20 18:01:11.556
BICYCLE,NOVA IGUACU,"Rodovia Presidente Dutra, 13006, Prata, NOVA IGUACU, Brazil",2020-05-21 18:59:20.067
BICYCLE,NOVA IGUACU,"Rodovia Presidente Dutra, 13006, Prata, NOVA IGUACU, Brazil",2020-05-21 23:31:02.515
BICYCLE,NOVA IGUACU,"Rodovia Presidente Dutra, 13006, NOVA IGUACU, RIO DE JANEIRO, Brazil",2020-05-22 12:41:28.953
BICYCLE,NOVA IGUACU,"Rodovia Presidente Dutra, 13006, Prata, NOVA IGUACU, Brazil",2020-05-22 16:20:12.799
BICYCLE,NOVA IGUACU,"Rua Coronel Júlio Braga, 658, casa 2- areia branca, Belford Roxo - RJ, 658, Areia Branca, BELFORD ROXO, Brazil",2020-05-22 16:48:32.961
BICYCLE,NOVA IGUACU,"Rodovia Presidente Dutra, 13006, Prata, NOVA IGUACU, Brazil",2020-05-22 20:18:47.831
BICYCLE,NOVA IGUACU,"Rodovia Presidente Dutra, 13006, Prata, NOVA IGUACU, Brazil",2020-05-22 20:24:15.486
BICYCLE,NOVA IGUACU,"Rodovia Presidente Dutra, 13006, Prata, NOVA IGUACU, Brazil",2020-05-23 19:08:47.748
BICYCLE,NOVA IGUACU,"Rodovia Presidente Dutra, 13006, Prata, NOVA IGUACU, Brazil",2020-05-23 19:52:04.179
BICYCLE,NOVA IGUACU,"Rodovia Presidente Dutra, 13006, Prata, NOVA IGUACU, Brazil",2020-05-27 22:59:29.143
BICYCLE,NOVA IGUACU,"Rodovia Presidente Dutra, 13006, Prata, NOVA IGUACU, Brazil",2020-05-28 00:07:30.254
BICYCLE,NOVA IGUACU,"Rodovia Presidente Dutra, 13006, Prata, NOVA IGUACU, Brazil",2020-05-28 13:02:00.751
BICYCLE,NOVA IGUACU,"Rodovia Presidente Dutra, 13006, Prata, NOVA IGUACU, Brazil",2020-05-28 13:04:41.271
BICYCLE,NOVA IGUACU,"Rua Professor Eduardo Vianna, 1080, CAROLINA, NOVA IGUACU, Brazil",2020-05-28 16:33:18.310
BICYCLE,NOVA IGUACU,"Rua Professor Eduardo Vianna, 1080, CAROLINA, NOVA IGUACU, Brazil",2020-05-28 17:42:18.502
BICYCLE,NOVA IGUACU,"Rua Ferraz, 216, LISBOA, NOVA IGUACU, Brazil",2020-05-28 18:43:44.069
BICYCLE,NOVA IGUACU,"Rodovia Presidente Dutra, 13006, Prata, NOVA IGUACU, Brazil",2020-05-28 21:15:53.248
BICYCLE,NOVA IGUACU,"Rodovia Presidente Dutra, 13006, Prata, NOVA IGUACU, Brazil",2020-05-29 14:26:28.557
BICYCLE,NOVA IGUACU,"Rodovia Presidente Dutra, 13006, Prata, NOVA IGUACU, Brazil",2020-05-29 20:00:00.815
BICYCLE,NOVA IGUACU,"RUA ALVARO DE CASTRO ROCHA, 155, ANDRADE ARAUJO, BELFORD ROXO, Brazil",2020-05-29 20:41:23.021
BICYCLE,NOVA IGUACU,"Rodovia Presidente Dutra, 13006, Prata, NOVA IGUACU, Brazil",2020-05-29 21:07:54.222
BICYCLE,NOVA IGUACU,"Rodovia Presidente Dutra, 13006, Prata, NOVA IGUACU, Brazil",2020-05-29 21:14:48.765
BICYCLE,NOVA IGUACU,"Rodovia Presidente Dutra, 13006, Prata, NOVA IGUACU, Brazil",2020-05-30 11:38:25.912
BICYCLE,NOVA IGUACU,"Rodovia Presidente Dutra, 13006, NOVA IGUACU, RIO DE JANEIRO, Brazil",2020-05-30 14:16:28.912
BICYCLE,NOVA IGUACU,"Rodovia Presidente Dutra, 13006, Prata, NOVA IGUACU, Brazil",2020-05-30 19:54:52.190
BICYCLE,NOVA IGUACU,"Rodovia Presidente Dutra, 13006, Prata, NOVA IGUACU, Brazil",2020-05-30 19:54:57.153
BICYCLE,NOVA IGUACU,"Rodovia Presidente Dutra, 13006, Prata, NOVA IGUACU, Brazil",2020-05-30 19:55:08.595
BICYCLE,NOVA IGUACU,"Rodovia Presidente Dutra, 13006, Prata, NOVA IGUACU, Brazil",2020-05-30 22:08:38.085
BICYCLE,NOVA IGUACU,"Av José Mariano dos passos, 360, PARQUE BARBARA, NOVA IGUACU, Brazil",2020-05-30 23:06:58.094
BICYCLE,NOVA IGUACU,"Rodovia Presidente Dutra, 13006, NOVA IGUACU, RIO DE JANEIRO, Brazil",2020-05-31 13:54:12.886
BICYCLE,NOVA IGUACU,"Rodovia Presidente Dutra, 13006, Prata, NOVA IGUACU, Brazil",2020-06-12 19:20:59.119
BICYCLE,NOVA IGUACU,"Rodovia Presidente Dutra, 13006, Prata, NOVA IGUACU, Brazil",2020-06-13 20:30:59.359
BICYCLE,NOVA IGUACU,"Rodovia Presidente Dutra, 13006, Prata, NOVA IGUACU, Brazil",2020-06-14 14:24:58.147
BICYCLE,NOVA IGUACU,"Rodovia Presidente Dutra, 13006, Prata, NOVA IGUACU, Brazil",2020-06-14 17:08:35.790
BICYCLE,NOVA IGUACU,"Rodovia Presidente Dutra, 13006, NOVA IGUACU, RIO DE JANEIRO, Brazil",2020-06-15 09:39:39.877
BICYCLE,NOVA IGUACU,"Rodovia Presidente Dutra, 13006, NOVA IGUACU, RIO DE JANEIRO, Brazil",2020-06-15 12:16:53.386
BICYCLE,NOVA IGUACU,"Rodovia Presidente Dutra, 13006, NOVA IGUACU, RIO DE JANEIRO, Brazil",2020-06-15 16:12:13.412
BICYCLE,NOVA IGUACU,"Rodovia Presidente Dutra, 13006, Prata, NOVA IGUACU, Brazil",2020-06-15 16:36:23.451
BICYCLE,NOVA IGUACU,"Av José Mariano dos passos, 360, PARQUE BARBARA, NOVA IGUACU, Brazil",2020-06-15 19:08:41.356
BICYCLE,NOVA IGUACU,"RUA ESCORPIAO, 38, ANDRADE ARAUJO, NOVA IGUACU, Brazil",2020-06-15 21:30:10.575
BICYCLE,NOVA IGUACU,"Rua Marcelino Lópes, 231, Andrade Araujo, BELFORD ROXO, Brazil",2020-06-16 21:42:15.433
BICYCLE,NOVA IGUACU,"Rodovia Presidente Dutra, 13006, NOVA IGUACU, RIO DE JANEIRO, Brazil",2020-06-18 11:52:31.511
BICYCLE,NOVA IGUACU,"Rodovia Presidente Dutra, 13006, NOVA IGUACU, RIO DE JANEIRO, Brazil",2020-06-18 13:08:18.407
BICYCLE,NOVA IGUACU,"Avenida Benjamin Pinto Dias, 1130, Centro, BELFORD ROXO, Brazil",2020-06-18 13:42:29.865
BICYCLE,NOVA IGUACU,"Rodovia Presidente Dutra, 13006, Prata, NOVA IGUACU, Brazil",2020-06-18 20:24:35.807
BICYCLE,NOVA IGUACU,"Rodovia Presidente Dutra, 13006, Prata, NOVA IGUACU, Brazil",2020-06-18 20:41:01.183
BICYCLE,NOVA IGUACU,"Rua Maria Leopoldina, 667, Prata, NOVA IGUACU, Brazil",2020-06-18 22:17:12.037
BICYCLE,NOVA IGUACU,"Rodovia Presidente Dutra, 13006, NOVA IGUACU, RIO DE JANEIRO, Brazil",2020-06-18 23:51:51.525
BICYCLE,NOVA IGUACU,"Rodovia Presidente Dutra, 13006, NOVA IGUACU, RIO DE JANEIRO, Brazil",2020-06-19 11:27:41.616
BICYCLE,NOVA IGUACU,"Rodovia Presidente Dutra, 13006, NOVA IGUACU, RIO DE JANEIRO, Brazil",2020-06-19 11:32:09.550
BICYCLE,NOVA IGUACU,"RODOVIA PRESIDENTE DUTRA, 14000, JD TROPICAL, NOVA IGUACU, Brazil",2020-06-19 12:34:01.686
BICYCLE,NOVA IGUACU,"Rodovia Presidente Dutra, 13006, Prata, NOVA IGUACU, Brazil",2020-06-20 20:11:40.586
BICYCLE,NOVA IGUACU,"Rodovia Presidente Dutra, 13006, Prata, NOVA IGUACU, Brazil",2020-06-20 20:40:47.499
BICYCLE,NOVA IGUACU,"Rodovia Presidente Dutra, 13006, Prata, NOVA IGUACU, Brazil",2020-06-20 21:48:36.530
BICYCLE,NOVA IGUACU,"Rodovia Presidente Dutra, 13006, NOVA IGUACU, RIO DE JANEIRO, Brazil",2020-06-21 10:58:33.386
BICYCLE,NOVA IGUACU,"Rodovia Presidente Dutra, 13006, Prata, NOVA IGUACU, Brazil",2020-06-21 11:21:05.647
BICYCLE,NOVA IGUACU,"Rodovia Presidente Dutra, 13006, Prata, NOVA IGUACU, Brazil",2020-06-21 11:34:20.156
BICYCLE,NOVA IGUACU,"Rodovia Presidente Dutra, 13006, Prata, NOVA IGUACU, Brazil",2020-06-21 13:01:18.287
BICYCLE,NOVA IGUACU,"Rua Carolina Ferreira, 192, Centro, BELFORD ROXO, Brazil",2020-06-21 13:48:38.737
BICYCLE,NOVA IGUACU,"Rodovia Presidente Dutra, 13006, Prata, NOVA IGUACU, Brazil",2020-06-21 20:51:05.828
BICYCLE,NOVA IGUACU,"Rodovia Presidente Dutra, 13006, Prata, NOVA IGUACU, Brazil",2020-09-08 18:07:11.892
BICYCLE,NOVA IGUACU,"Rodovia Presidente Dutra, 13006, Prata, NOVA IGUACU, Brazil",2020-09-08 18:21:51.298
BICYCLE,NOVA IGUACU,"Rodovia Presidente Dutra, 13006, NOVA IGUACU, RIO DE JANEIRO, Brazil",2020-09-21 09:43:10.556
BICYCLE,NOVA IGUACU,"Rodovia Presidente Dutra, 13006, Prata, NOVA IGUACU, Brazil",2020-09-21 18:35:53.702
BICYCLE,NOVA IGUACU,"Rodovia Presidente Dutra, 13006, Prata, NOVA IGUACU, Brazil",2020-09-21 18:54:29.326
BICYCLE,NOVA IGUACU,"Rodovia Presidente Dutra, 13006, Prata, NOVA IGUACU, Brazil",2020-09-21 19:49:36.638
BICYCLE,NOVA IGUACU,"Rodovia Presidente Dutra, 13006, Prata, NOVA IGUACU, Brazil",2020-09-24 19:31:16.520
BICYCLE,NOVA IGUACU,"Rodovia Presidente Dutra, 13006, Prata, NOVA IGUACU, Brazil",2020-09-24 20:13:55.489
BICYCLE,NOVA IGUACU,"Rodovia Presidente Dutra, 13006, Prata, NOVA IGUACU, Brazil",2020-09-25 23:19:06.354
BICYCLE,NOVA IGUACU,"RODOVIA PRESIDENTE DUTRA, 14000, JD TROPICAL, NOVA IGUACU, Brazil",2020-09-26 13:02:13.016
BICYCLE,NOVA IGUACU,"Rodovia Presidente Dutra, 13006, Prata, NOVA IGUACU, Brazil",2020-09-26 14:33:04.862
BICYCLE,NOVA IGUACU,"Rodovia Presidente Dutra, 13006, Prata, NOVA IGUACU, Brazil",2020-09-26 15:18:00.947
BICYCLE,NOVA IGUACU,"Rodovia Presidente Dutra, 13006, Prata, NOVA IGUACU, Brazil",2020-09-27 18:49:01.077
BICYCLE,NOVA IGUACU,"Rodovia Presidente Dutra, 13006, Prata, NOVA IGUACU, Brazil",2020-09-27 19:47:06.335
BICYCLE,NOVA IGUACU,"Rodovia Presidente Dutra, 13006, Prata, NOVA IGUACU, Brazil",2020-09-27 19:51:25.729
BICYCLE,NOVA IGUACU,"Rodovia Presidente Dutra, 13006, Prata, NOVA IGUACU, Brazil",2020-09-27 20:38:58.847
BICYCLE,NOVA IGUACU,"Rodovia Presidente Dutra, 13006, Prata, NOVA IGUACU, Brazil",2020-09-27 20:39:12.324
BICYCLE,NOVA IGUACU,"Rodovia Presidente Dutra, 13006, NOVA IGUACU, RIO DE JANEIRO, Brazil",2020-09-27 21:36:46.423
BICYCLE,NOVA IGUACU,"Rodovia Presidente Dutra, 13006, Prata, NOVA IGUACU, Brazil",2020-09-27 22:21:23.031
BICYCLE,NOVA IGUACU,"Rodovia Presidente Dutra, 13006, Prata, NOVA IGUACU, Brazil",2020-11-07 12:02:32.753
BICYCLE,NOVA IGUACU,"Rodovia Presidente Dutra, 13006, Prata, NOVA IGUACU, Brazil",2020-11-07 12:15:34.376
BICYCLE,NOVA IGUACU,"Rodovia Presidente Dutra, 13006, Prata, NOVA IGUACU, Brazil",2020-11-07 19:23:22.247
BICYCLE,NOVA IGUACU,"Rodovia Presidente Dutra, 13006, Prata, NOVA IGUACU, Brazil",2020-11-07 20:20:45.627
BICYCLE,NOVA IGUACU,"Rodovia Presidente Dutra, 13006, Prata, NOVA IGUACU, Brazil",2020-11-08 13:24:37.109
BICYCLE,NOVA IGUACU,"Rodovia Presidente Dutra, 13006, Prata, NOVA IGUACU, Brazil",2020-11-08 13:31:50.472
BICYCLE,NOVA IGUACU,"Rodovia Presidente Dutra, 13006, Prata, NOVA IGUACU, Brazil",2020-11-08 14:20:50.143
BICYCLE,NOVA IGUACU,"Rodovia Presidente Dutra, 13006, Prata, NOVA IGUACU, Brazil",2020-11-08 15:17:38.220
BICYCLE,NOVA IGUACU,"Rodovia Presidente Dutra, 13006, Prata, NOVA IGUACU, Brazil",2020-11-08 16:36:24.002
BICYCLE,NOVA IGUACU,"Rodovia Presidente Dutra, 13006, Prata, NOVA IGUACU, Brazil",2020-11-09 18:52:49.069
BICYCLE,NOVA IGUACU,"Rodovia Presidente Dutra, 13006, Prata, NOVA IGUACU, Brazil",2020-11-12 16:41:58.233
BICYCLE,NOVA IGUACU,"Rodovia Presidente Dutra, 13006, Prata, NOVA IGUACU, Brazil",2020-11-13 11:13:19.160
BICYCLE,NOVA IGUACU,"rua espirito santo, 108, Andrade Araujo, Nova Iguaçu, Brazil",2020-11-14 19:25:22.246
BICYCLE,NOVA IGUACU,"Rodovia Presidente Dutra, 13006, Prata, NOVA IGUACU, Brazil",2020-11-14 19:25:28.542
BICYCLE,NOVA IGUACU,"Rodovia Presidente Dutra, 13006, Prata, NOVA IGUACU, Brazil",2020-11-14 20:18:27.297
BICYCLE,NOVA IGUACU,"Rodovia Presidente Dutra, 13006, Prata, NOVA IGUACU, Brazil",2020-11-14 20:48:45.570
BICYCLE,NOVA IGUACU,"Rodovia Presidente Dutra, 13006, Prata, NOVA IGUACU, Brazil",2020-11-14 21:58:11.691
BICYCLE,NOVA IGUACU,"Rodovia Presidente Dutra, 13006, Prata, NOVA IGUACU, Brazil",2020-11-14 22:27:37.939
BICYCLE,NOVA IGUACU,"Rodovia Presidente Dutra, 13006, Prata, NOVA IGUACU, Brazil",2020-11-20 20:12:43.784
BICYCLE,NOVA IGUACU,"Rodovia Presidente Dutra, 13006, NOVA IGUACU, RIO DE JANEIRO, Brazil",2020-11-20 21:00:01.510
BICYCLE,NOVA IGUACU,"Rodovia Presidente Dutra, 13006, Prata, NOVA IGUACU, Brazil",2020-11-21 09:33:01.723
BICYCLE,NOVA IGUACU,"Rodovia Presidente Dutra, 13006, Prata, NOVA IGUACU, Brazil",2020-11-21 11:55:31.244
BICYCLE,NOVA IGUACU,"Rodovia Presidente Dutra, 13006, Prata, NOVA IGUACU, Brazil",2020-11-21 12:00:37.151
BICYCLE,NOVA IGUACU,"Rodovia Presidente Dutra, 13006, Prata, NOVA IGUACU, Brazil",2020-11-23 19:14:39.670
BICYCLE,NOVA IGUACU,"Rodovia Presidente Dutra, 13006, Prata, NOVA IGUACU, Brazil",2020-11-27 09:08:07.479
BICYCLE,NOVA IGUACU,"Rodovia Presidente Dutra, 13006, Prata, NOVA IGUACU, Brazil",2020-11-27 09:14:32.834
BICYCLE,NOVA IGUACU,"Rodovia Presidente Dutra, 13006, Prata, NOVA IGUACU, Brazil",2020-11-27 14:07:22.439
BICYCLE,NOVA IGUACU,"Rodovia Presidente Dutra, 13006, Prata, NOVA IGUACU, Brazil",2020-11-27 15:02:50.995
BICYCLE,NOVA IGUACU,"Rua Antônio Caetano Alves, 509, Jardim Tropical, NOVA IGUACU, Brazil",2020-11-27 15:10:54.463
BICYCLE,NOVA IGUACU,"Rodovia Presidente Dutra, 13006, Prata, NOVA IGUACU, Brazil",2020-11-27 15:56:38.958
BICYCLE,NOVA IGUACU,"Rodovia Presidente Dutra, 13006, Prata, NOVA IGUACU, Brazil",2020-11-27 15:58:13.491
BICYCLE,NOVA IGUACU,"Rodovia Presidente Dutra, 13006, Prata, NOVA IGUACU, Brazil",2020-11-28 09:14:26.402
BICYCLE,NOVA IGUACU,"Rodovia Presidente Dutra, 13006, NOVA IGUACU, RIO DE JANEIRO, Brazil",2020-11-28 10:00:41.160
BICYCLE,NOVA IGUACU,"Rodovia Presidente Dutra, 13006, Prata, NOVA IGUACU, Brazil",2020-11-28 11:21:23.746
BICYCLE,NOVA IGUACU,"Rodovia Presidente Dutra, 13006, Prata, NOVA IGUACU, Brazil",2020-11-28 12:00:09.839
BICYCLE,NOVA IGUACU,"Rodovia Presidente Dutra, 13006, Prata, NOVA IGUACU, Brazil",2020-11-28 12:44:52.819
BICYCLE,NOVA IGUACU,"Rodovia Presidente Dutra, 13006, Prata, NOVA IGUACU, Brazil",2020-11-28 16:01:54.064
BICYCLE,NOVA IGUACU,"Rodovia Presidente Dutra, 13006, Prata, NOVA IGUACU, Brazil",2020-11-28 16:04:45.715
BICYCLE,NOVA IGUACU,"Rodovia Presidente Dutra, 13006, Prata, NOVA IGUACU, Brazil",2020-11-28 19:03:34.220
BICYCLE,NOVA IGUACU,"Rua praça do comércio, 1, SANTA CECILIA, BELFORD ROXO, Brazil",2020-11-29 19:16:49.111
BICYCLE,NOVA IGUACU,"Rodovia Presidente Dutra, 13006, Prata, NOVA IGUACU, Brazil",2020-11-29 19:58:47.800
BICYCLE,NOVA IGUACU,"Rodovia Presidente Dutra, 13006, Prata, NOVA IGUACU, Brazil",2020-11-29 20:15:20.365
BICYCLE,NOVA IGUACU,"Rodovia Presidente Dutra, 13006, Prata, NOVA IGUACU, Brazil",2020-11-29 20:19:26.260
BICYCLE,NOVA IGUACU,"Rodovia Presidente Dutra, 13006, Prata, NOVA IGUACU, Brazil",2020-11-30 20:26:23.797
BICYCLE,NOVA IGUACU,"Rodovia Presidente Dutra, 13006, Prata, NOVA IGUACU, Brazil",2020-11-30 21:17:12.745
BICYCLE,NOVA IGUACU,"Rodovia Presidente Dutra, 13006, Prata, NOVA IGUACU, Brazil",2020-11-30 21:35:58.261
BICYCLE,NOVA IGUACU,"Rodovia Presidente Dutra, 13006, Prata, NOVA IGUACU, Brazil",2020-11-30 22:15:53.216
BICYCLE,NOVA IGUACU,"Rodovia Presidente Dutra, 13006, Prata, NOVA IGUACU, Brazil",2020-12-01 11:09:20.808
BICYCLE,NOVA IGUACU,"Rodovia Presidente Dutra, 13006, Prata, NOVA IGUACU, Brazil",2020-12-01 11:19:06.246
BICYCLE,NOVA IGUACU,"Rodovia Presidente Dutra, 13006, Prata, NOVA IGUACU, Brazil",2020-12-01 12:01:16.912
BICYCLE,NOVA IGUACU,"Rodovia Presidente Dutra, 13006, Prata, NOVA IGUACU, Brazil",2020-12-01 15:06:43.039
BICYCLE,NOVA IGUACU,"Rodovia Presidente Dutra, 13006, Prata, NOVA IGUACU, Brazil",2020-12-01 16:15:29.841
BICYCLE,NOVA IGUACU,"Rodovia Presidente Dutra, 13006, Prata, NOVA IGUACU, Brazil",2020-12-01 16:31:07.955
BICYCLE,NOVA IGUACU,"Rodovia Presidente Dutra, 13006, Prata, NOVA IGUACU, Brazil",2020-12-01 16:36:04.149
BICYCLE,NOVA IGUACU,"Rodovia Presidente Dutra, 13006, NOVA IGUACU, RIO DE JANEIRO, Brazil",2020-12-01 18:05:32.552
BICYCLE,NOVA IGUACU,"Rodovia Presidente Dutra, 13006, NOVA IGUACU, RIO DE JANEIRO, Brazil",2020-12-02 11:58:26.401
BICYCLE,NOVA IGUACU,"Rodovia Presidente Dutra, 13006, Prata, NOVA IGUACU, Brazil",2020-12-02 13:25:41.289
BICYCLE,NOVA IGUACU,"Rodovia Presidente Dutra, 13006, Prata, NOVA IGUACU, Brazil",2020-12-02 13:58:01.013
BICYCLE,NOVA IGUACU,"Rua Maria Leopoldina, 667, Prata, NOVA IGUACU, Brazil",2020-12-02 16:18:46.279
BICYCLE,NOVA IGUACU,"Rua Maria Leopoldina, 667, Prata, NOVA IGUACU, Brazil",2020-12-02 16:19:21.539
BICYCLE,NOVA IGUACU,"Rodovia Presidente Dutra, 13006, Prata, NOVA IGUACU, Brazil",2020-12-02 17:28:58.031
BICYCLE,NOVA IGUACU,"Rodovia Presidente Dutra, 13006, Prata, NOVA IGUACU, Brazil",2020-12-02 17:34:23.095
BICYCLE,NOVA IGUACU,"Rodovia Presidente Dutra, 13006, Prata, NOVA IGUACU, Brazil",2020-12-03 18:38:51.334
BICYCLE,NOVA IGUACU,"Rodovia Presidente Dutra, 13006, Prata, NOVA IGUACU, Brazil",2020-12-03 19:01:57.176
BICYCLE,NOVA IGUACU,"Rodovia Presidente Dutra, 13006, Prata, NOVA IGUACU, Brazil",2020-12-03 20:09:47.806
BICYCLE,NOVA IGUACU,"Rodovia Presidente Dutra, 13006, Prata, NOVA IGUACU, Brazil",2020-12-03 21:28:03.432
BICYCLE,NOVA IGUACU,"Rodovia Presidente Dutra, 13006, Prata, NOVA IGUACU, Brazil",2020-12-04 09:42:58.255
BICYCLE,NOVA IGUACU,"Rodovia Presidente Dutra, 13006, Prata, NOVA IGUACU, Brazil",2020-12-04 11:16:58.567
BICYCLE,NOVA IGUACU,"Rodovia Presidente Dutra, 13006, NOVA IGUACU, RIO DE JANEIRO, Brazil",2020-12-04 12:18:02.383
BICYCLE,NOVA IGUACU,"Rodovia Presidente Dutra, 13006, NOVA IGUACU, RIO DE JANEIRO, Brazil",2020-12-04 12:27:06.551
BICYCLE,NOVA IGUACU,"Avenida Monte Libano, 35, Parque Ulisses, NOVA IGUACU, Brazil",2020-12-04 13:24:01.898
BICYCLE,NOVA IGUACU,"Rodovia Presidente Dutra, 13006, NOVA IGUACU, RIO DE JANEIRO, Brazil",2020-12-04 15:49:21.800
BICYCLE,NOVA IGUACU,"Rodovia Presidente Dutra, 13006, NOVA IGUACU, RIO DE JANEIRO, Brazil",2020-12-04 15:51:02.446
BICYCLE,NOVA IGUACU,"Rodovia Presidente Dutra, 13006, Prata, NOVA IGUACU, Brazil",2020-12-06 16:41:27.130
BICYCLE,NOVA IGUACU,"Rodovia Presidente Dutra, 13006, Prata, NOVA IGUACU, Brazil",2020-12-06 16:47:31.578
BICYCLE,NOVA IGUACU,"Rua Marcelino Lópes, 231, Andrade Araujo, BELFORD ROXO, Brazil",2020-12-06 17:54:17.939
BICYCLE,NOVA IGUACU,"Rodovia Presidente Dutra, 13006, Prata, NOVA IGUACU, Brazil",2020-12-06 18:43:42.235
BICYCLE,NOVA IGUACU,"Rodovia Presidente Dutra, 13006, Prata, NOVA IGUACU, Brazil",2020-12-06 19:10:23.821
BICYCLE,NOVA IGUACU,"Rodovia Presidente Dutra, 13006, Prata, NOVA IGUACU, Brazil",2020-12-06 19:19:33.298
BICYCLE,NOVA IGUACU,"Rodovia Presidente Dutra, 13006, NOVA IGUACU, RIO DE JANEIRO, Brazil",2020-12-08 09:34:20.810
BICYCLE,NOVA IGUACU,"Rodovia Presidente Dutra, 13006, NOVA IGUACU, RIO DE JANEIRO, Brazil",2020-12-08 18:15:28.783
BICYCLE,NOVA IGUACU,"Rodovia Presidente Dutra, 13006, Prata, NOVA IGUACU, Brazil",2020-12-08 20:30:58.730
BICYCLE,NOVA IGUACU,"RUA LUIS SOBRAL, 69, MARIA DA LUZ, NOVA IGUACU, Brazil",2020-12-08 21:27:11.060
BICYCLE,NOVA IGUACU,"av monte libano, 245, MONTE LIBANO, NOVA IGUACU, Brazil",2020-12-10 19:50:45.525
BICYCLE,NOVA IGUACU,"Rodovia Presidente Dutra, 13006, Prata, NOVA IGUACU, Brazil",2020-12-12 18:16:37.399
BICYCLE,NOVA IGUACU,"Rodovia Presidente Dutra, 13006, Prata, NOVA IGUACU, Brazil",2020-12-12 18:30:30.080
BICYCLE,NOVA IGUACU,"Rodovia Presidente Dutra, 13006, Prata, NOVA IGUACU, Brazil",2020-12-12 19:48:30.502
BICYCLE,NOVA IGUACU,"RUA LUIS SOBRAL, 69, MARIA DA LUZ, NOVA IGUACU, Brazil",2020-12-12 19:49:00.733
BICYCLE,NOVA IGUACU,"Rodovia Presidente Dutra, 13006, Prata, NOVA IGUACU, Brazil",2020-12-12 20:59:13.924
BICYCLE,NOVA IGUACU,"Rodovia Presidente Dutra, 13006, Prata, NOVA IGUACU, Brazil",2020-12-12 21:00:11.899
BICYCLE,NOVA IGUACU,"Rodovia Presidente Dutra, 13006, Prata, NOVA IGUACU, Brazil",2020-12-13 20:27:29.146
BICYCLE,NOVA IGUACU,"Rodovia Presidente Dutra, 13006, Prata, NOVA IGUACU, Brazil",2020-12-13 20:34:13.653
BICYCLE,NOVA IGUACU,"R. Morgado, 70, CENTRO, BELFORD ROXO, Brazil",2020-12-19 20:40:09.009
BICYCLE,NOVA IGUACU,"Estr. Geral, 196, SANTO ANTONIO DA PRATA, BELFORD ROXO, Brazil",2020-12-19 21:13:21.698
BICYCLE,NOVA IGUACU,"Rodovia Presidente Dutra, 13006, Prata, NOVA IGUACU, Brazil",2020-12-20 20:10:47.679
BICYCLE,NOVA IGUACU,"Rodovia Presidente Dutra, 13006, Prata, NOVA IGUACU, Brazil",2020-12-20 20:47:54.757
BICYCLE,NOVA IGUACU,"Rodovia Presidente Dutra, 13006, Prata, NOVA IGUACU, Brazil",2020-12-21 18:33:45.511
BICYCLE,NOVA IGUACU,"Rua Rosa Pires, 398, Santo Antônio da Prata, BELFORD ROXO, Brazil",2020-12-23 11:40:09.361
BICYCLE,NOVA IGUACU,"Rua Maria Leopoldina, 615, Prata, NOVA IGUACU, Brazil",2020-12-24 12:22:14.985
BICYCLE,NOVA IGUACU,"Rodovia Presidente Dutra, 13006, Prata, NOVA IGUACU, Brazil",2020-12-24 14:03:17.750
BICYCLE,NOVA IGUACU,"Rodovia Presidente Dutra, 13006, Prata, NOVA IGUACU, Brazil",2020-12-24 15:51:19.603
BICYCLE,NOVA IGUACU,"Rodovia Presidente Dutra, 13006, Prata, NOVA IGUACU, Brazil",2020-12-24 16:38:44.387
BICYCLE,NOVA IGUACU,"Rodovia Presidente Dutra, 13006, Prata, NOVA IGUACU, Brazil",2020-12-24 17:08:35.900
BICYCLE,NOVA IGUACU,"Rodovia Presidente Dutra, 13006, Prata, NOVA IGUACU, Brazil",2020-12-26 10:15:42.216
BICYCLE,NOVA IGUACU,"Rodovia Presidente Dutra, 13006, Prata, NOVA IGUACU, Brazil",2020-12-26 10:29:35.221
BICYCLE,NOVA IGUACU,"Rodovia Presidente Dutra, 13006, Prata, NOVA IGUACU, Brazil",2020-12-26 11:44:43.941
BICYCLE,NOVA IGUACU,"Rodovia Presidente Dutra, 13006, Prata, NOVA IGUACU, Brazil",2020-12-26 11:49:06.619
BICYCLE,NOVA IGUACU,"Rodovia Presidente Dutra, 13006, Prata, NOVA IGUACU, Brazil",2020-12-26 19:55:20.269
BICYCLE,NOVA IGUACU,"Rodovia Presidente Dutra, 13006, NOVA IGUACU, RIO DE JANEIRO, Brazil",2020-12-26 20:44:41.817
BICYCLE,NOVA IGUACU,"Rodovia Presidente Dutra, 13006, NOVA IGUACU, RIO DE JANEIRO, Brazil",2020-12-26 21:16:50.270
BICYCLE,NOVA IGUACU,"Rodovia Presidente Dutra, 13006, Prata, NOVA IGUACU, Brazil",2020-12-26 22:26:31.861
BICYCLE,NOVA IGUACU,"Rodovia Presidente Dutra, 13006, Prata, NOVA IGUACU, Brazil",2020-12-27 14:41:57.470
BICYCLE,NOVA IGUACU,"Rua Maria Leopoldina, 667, Prata, NOVA IGUACU, Brazil",2020-12-27 19:14:09.458
BICYCLE,NOVA IGUACU,"Rodovia Presidente Dutra, 13006, Prata, NOVA IGUACU, Brazil",2020-12-30 20:29:00.710
BICYCLE,NOVA IGUACU,"Rua Maria Leopoldina, 667, Prata, NOVA IGUACU, Brazil",2020-12-30 20:57:40.136
BICYCLE,NOVA IGUACU,"Rodovia Presidente Dutra, 13006, Prata, NOVA IGUACU, Brazil",2021-01-03 11:27:43.207
BICYCLE,NOVA IGUACU,"Rodovia Presidente Dutra, 13006, Prata, NOVA IGUACU, Brazil",2021-01-03 12:20:54.870
BICYCLE,NOVA IGUACU,"Rodovia Presidente Dutra, 13006, Prata, NOVA IGUACU, Brazil",2021-01-03 14:49:00.350
BICYCLE,NOVA IGUACU,"Rodovia Presidente Dutra, 13006, Prata, NOVA IGUACU, Brazil",2021-01-03 16:56:07.263
BICYCLE,NOVA IGUACU,"Rodovia Presidente Dutra, 13006, Prata, NOVA IGUACU, Brazil",2021-01-08 12:23:02.324
BICYCLE,NOVA IGUACU,"Rodovia Presidente Dutra, 13006, Prata, NOVA IGUACU, Brazil",2021-01-09 10:09:38.944
BICYCLE,NOVA IGUACU,"Rodovia Presidente Dutra, 13006, Prata, NOVA IGUACU, Brazil",2021-01-09 10:34:40.492
BICYCLE,NOVA IGUACU,"Rodovia Presidente Dutra, 13006, Prata, NOVA IGUACU, Brazil",2021-01-09 12:07:03.074
BICYCLE,NOVA IGUACU,"Rodovia Presidente Dutra, 13006, Prata, NOVA IGUACU, Brazil",2021-01-09 13:38:38.708
BICYCLE,NOVA IGUACU,"Rodovia Presidente Dutra, 13006, Prata, NOVA IGUACU, Brazil",2021-01-11 19:25:02.575
BICYCLE,NOVA IGUACU,"av monte libano, 245, MONTE LIBANO, NOVA IGUACU, Brazil",2021-01-11 20:21:24.719
BICYCLE,NOVA IGUACU,"RODOVIA PRESIDENTE DUTRA, 14000, JD TROPICAL, NOVA IGUACU, Brazil",2021-01-11 20:52:25.720
BICYCLE,NOVA IGUACU,"Rua Oito, 160, Santo Antonio da Prata, Belford Roxo, Brazil",2021-01-12 20:18:51.093
BICYCLE,NOVA IGUACU,"Rodovia Presidente Dutra, 13006, Prata, NOVA IGUACU, Brazil",2021-01-12 21:02:32.346
BICYCLE,NOVA IGUACU,"Rodovia Presidente Dutra, 13006, Prata, NOVA IGUACU, Brazil",2021-01-12 22:19:37.336
BICYCLE,NOVA IGUACU,"Rodovia Presidente Dutra, 13006, NOVA IGUACU, RIO DE JANEIRO, Brazil",2021-02-11 15:23:08.818
BICYCLE,NOVA IGUACU,"Rodovia Presidente Dutra, 13006, Prata, NOVA IGUACU, Brazil",2021-03-22 21:54:29.807
BICYCLE,NOVA IGUACU,"Rodovia Presidente Dutra, 13006, Prata, NOVA IGUACU, Brazil",2021-03-23 09:10:08.613
BICYCLE,NOVA IGUACU,"Rodovia Presidente Dutra, 13006, Prata, NOVA IGUACU, Brazil",2021-03-23 09:14:34.189
BICYCLE,NOVA IGUACU,"Rodovia Presidente Dutra, 13006, NOVA IGUACU, RIO DE JANEIRO, Brazil",2021-03-25 11:25:10.992
BICYCLE,NOVA IGUACU,"Rodovia Presidente Dutra, 13006, Prata, NOVA IGUACU, Brazil",2021-03-25 13:10:00.928
BICYCLE,NOVA IGUACU,"Rua Antônio Magalhães, 123, ANDRADE ARAUJO, NOVA IGUACU, Brazil",2021-03-25 15:00:22.070
BICYCLE,NOVA IGUACU,"Rodovia Presidente Dutra, 13006, Prata, NOVA IGUACU, Brazil",2021-03-25 16:16:13.085
BICYCLE,NOVA IGUACU,"Rodovia Presidente Dutra, 13006, Prata, NOVA IGUACU, Brazil",2021-03-25 16:48:51.084
BICYCLE,NOVA IGUACU,"Rodovia Presidente Dutra, 13006, Prata, NOVA IGUACU, Brazil",2021-03-27 09:07:53.186
BICYCLE,NOVA IGUACU,"Rodovia Presidente Dutra, 13006, Prata, NOVA IGUACU, Brazil",2021-03-27 09:35:08.211
BICYCLE,NOVA IGUACU,"Rodovia Presidente Dutra, 13006, Prata, NOVA IGUACU, Brazil",2021-03-27 10:51:27.293
BICYCLE,NOVA IGUACU,"Rua Madres Silva, 50, MARGARIDA, NOVA IGUACU, Brazil",2021-03-27 19:51:14.871
BICYCLE,NOVA IGUACU,"Rodovia Presidente Dutra, 13006, NOVA IGUACU, RIO DE JANEIRO, Brazil",2021-03-27 20:06:49.737
BICYCLE,NOVA IGUACU,"Rodovia Presidente Dutra, 13006, Prata, NOVA IGUACU, Brazil",2021-03-28 09:02:56.692
BICYCLE,NOVA IGUACU,"Rodovia Presidente Dutra, 13006, Prata, NOVA IGUACU, Brazil",2021-03-28 09:11:28.158
BICYCLE,NOVA IGUACU,"Rodovia Presidente Dutra, 13006, Prata, NOVA IGUACU, Brazil",2021-03-28 10:21:34.931
BICYCLE,NOVA IGUACU,"Rua Dona Adélia, 462, Parque Ulisses, NOVA IGUACU, Brazil",2021-03-28 12:31:43.778
BICYCLE,NOVA IGUACU,"Rodovia Presidente Dutra, 13006, Prata, NOVA IGUACU, Brazil",2021-03-28 13:00:55.505
BICYCLE,NOVA IGUACU,"Rodovia Presidente Dutra, 13006, Prata, NOVA IGUACU, Brazil",2021-03-29 09:11:48.069
BICYCLE,NOVA IGUACU,"Rodovia Presidente Dutra, 13006, Prata, NOVA IGUACU, Brazil",2021-03-29 11:19:06.254
BICYCLE,NOVA IGUACU,"Rodovia Presidente Dutra, 13006, Prata, NOVA IGUACU, Brazil",2021-03-29 16:34:24.276
BICYCLE,NOVA IGUACU,"Rua Doutor Alberto Brigadão, 265, Areia Branca, BELFORD ROXO, Brazil",2021-03-30 11:37:20.874
BICYCLE,NOVA IGUACU,"Rodovia Presidente Dutra, 13006, Prata, NOVA IGUACU, Brazil",2021-03-30 12:32:39.618
BICYCLE,NOVA IGUACU,"Rodovia Presidente Dutra, 13006, NOVA IGUACU, RIO DE JANEIRO, Brazil",2021-03-30 14:01:43.511
BICYCLE,NOVA IGUACU,"Rodovia Presidente Dutra, 13006, Prata, NOVA IGUACU, Brazil",2021-03-30 15:04:35.724
BICYCLE,NOVA IGUACU,"Rodovia Presidente Dutra, 13006, Prata, NOVA IGUACU, Brazil",2021-03-30 15:39:16.288
BICYCLE,NOVA IGUACU,"Rodovia Presidente Dutra, 13006, Prata, NOVA IGUACU, Brazil",2021-03-30 16:28:02.231
BICYCLE,NOVA IGUACU,"Rodovia Presidente Dutra, 13006, Prata, NOVA IGUACU, Brazil",2021-04-01 17:07:34.798
BICYCLE,NOVA IGUACU,"Rodovia Presidente Dutra, 13006, NOVA IGUACU, RIO DE JANEIRO, Brazil",2021-04-01 17:39:24.744
BICYCLE,NOVA IGUACU,"Rodovia Presidente Dutra, 13006, Prata, NOVA IGUACU, Brazil",2021-04-04 09:27:41.046
BICYCLE,NOVA IGUACU,"Rodovia Presidente Dutra, 13006, Prata, NOVA IGUACU, Brazil",2021-04-04 09:30:36.901
BICYCLE,NOVA IGUACU,"Rodovia Presidente Dutra, 13006, Prata, NOVA IGUACU, Brazil",2021-04-04 10:17:40.621
BICYCLE,NOVA IGUACU,"caminho do manhoso, 227, Vila Santos Neto, Nova Iguaçu, Brazil",2021-04-04 21:59:23.454
BICYCLE,NOVA IGUACU,"Rodovia Presidente Dutra, 13006, Prata, NOVA IGUACU, Brazil",2021-04-07 10:36:42.494
BICYCLE,NOVA IGUACU,"Rua Maria Leopoldina, 667, Prata, NOVA IGUACU, Brazil",2021-04-09 21:31:04.053
BICYCLE,NOVA IGUACU,"Rua Clóvis Beviláqua, 280, Santo Antônio da Prata, BELFORD ROXO, Brazil",2021-04-10 20:27:11.958
BICYCLE,NOVA IGUACU,"caminho do manhoso, 227, Vila Santos Neto, Nova Iguaçu, Brazil",2021-04-10 21:26:35.556
BICYCLE,NOVA IGUACU,"Rodovia Presidente Dutra, 13006, Prata, NOVA IGUACU, Brazil",2021-04-12 09:30:37.054
BICYCLE,NOVA IGUACU,"Rodovia Presidente Dutra, 13006, Prata, NOVA IGUACU, Brazil",2021-04-12 12:26:32.020
BICYCLE,NOVA IGUACU,"Rodovia Presidente Dutra, 13006, Prata, NOVA IGUACU, Brazil",2021-04-12 23:26:54.359
BICYCLE,NOVA IGUACU,"Rodovia Presidente Dutra, 13006, Prata, NOVA IGUACU, Brazil",2021-04-13 11:29:12.449
BICYCLE,NOVA IGUACU,"Rodovia Presidente Dutra, 13006, NOVA IGUACU, RIO DE JANEIRO, Brazil",2021-04-13 12:44:39.607
BICYCLE,NOVA IGUACU,"Rodovia Presidente Dutra, 13006, NOVA IGUACU, RIO DE JANEIRO, Brazil",2021-04-13 12:53:32.958
BICYCLE,NOVA IGUACU,"Rodovia Presidente Dutra, 13006, Prata, NOVA IGUACU, Brazil",2021-04-13 16:32:23.864
BICYCLE,NOVA IGUACU,"Rodovia Presidente Dutra, 13006, Prata, NOVA IGUACU, Brazil",2021-04-13 17:11:43.167
BICYCLE,NOVA IGUACU,"Rodovia Presidente Dutra, 13006, Prata, NOVA IGUACU, Brazil",2021-04-13 17:15:52.021
BICYCLE,NOVA IGUACU,"Rua Adail, 18, ANDRADE ARAUJO, NOVA IGUACU, Brazil",2021-04-13 20:13:21.810
BICYCLE,NOVA IGUACU,"Rodovia Presidente Dutra, 13006, Prata, NOVA IGUACU, Brazil",2021-04-14 09:08:09.640
BICYCLE,NOVA IGUACU,"Rodovia Presidente Dutra, 13006, Prata, NOVA IGUACU, Brazil",2021-04-14 10:19:03.357
BICYCLE,NOVA IGUACU,"Rodovia Presidente Dutra, 13006, Prata, NOVA IGUACU, Brazil",2021-04-14 10:20:59.297
BICYCLE,NOVA IGUACU,"Rodovia Presidente Dutra, 13006, Prata, NOVA IGUACU, Brazil",2021-04-14 11:53:53.768
BICYCLE,NOVA IGUACU,"Rodovia Presidente Dutra, 13006, Prata, NOVA IGUACU, Brazil",2021-04-14 16:26:47.121
BICYCLE,NOVA IGUACU,"Rodovia Presidente Dutra, 13006, Prata, NOVA IGUACU, Brazil",2021-04-14 16:28:52.290
BICYCLE,NOVA IGUACU,"Rodovia Presidente Dutra, 13006, Prata, NOVA IGUACU, Brazil",2021-04-14 17:17:43.541
BICYCLE,NOVA IGUACU,"Rua Marcelino Lópes, 231, Andrade Araujo, BELFORD ROXO, Brazil",2021-04-14 21:07:28.814
BICYCLE,NOVA IGUACU,"rua carlos ribeiro da costa, 128, PARQUE BARBARA, NOVA IGUACU, Brazil",2021-04-14 22:31:31.367
BICYCLE,NOVA IGUACU,"Rodovia Presidente Dutra, 13006, Prata, NOVA IGUACU, Brazil",2021-04-14 22:48:04.228
BICYCLE,NOVA IGUACU,"Rodovia Presidente Dutra, 13006, Prata, NOVA IGUACU, Brazil",2021-04-15 12:49:36.594
BICYCLE,NOVA IGUACU,"Rodovia Presidente Dutra, 13006, Prata, NOVA IGUACU, Brazil",2021-04-15 17:05:36.120
BICYCLE,NOVA IGUACU,"Avenida Monte Libano, 35, Parque Ulisses, NOVA IGUACU, Brazil",2021-04-15 17:46:21.674
BICYCLE,NOVA IGUACU,"Rua praça do comércio, 1, SANTA CECILIA, BELFORD ROXO, Brazil",2021-04-15 22:29:05.198
BICYCLE,NOVA IGUACU,"Rodovia Presidente Dutra, 13006, Prata, NOVA IGUACU, Brazil",2021-04-15 22:49:11.607
BICYCLE,NOVA IGUACU,"Rodovia Presidente Dutra, 13006, Prata, NOVA IGUACU, Brazil",2021-04-16 12:09:44.476
BICYCLE,NOVA IGUACU,"Rodovia Presidente Dutra, 13006, Prata, NOVA IGUACU, Brazil",2021-04-18 12:00:29.923
BICYCLE,NOVA IGUACU,"Rua Aladir de Melo, 411, ENGENHO PEQUENO, NOVA IGUACU, Brazil",2021-04-18 13:09:55.194
BICYCLE,NOVA IGUACU,"Rodovia Presidente Dutra, 13006, Prata, NOVA IGUACU, Brazil",2021-04-18 20:16:13.394
BICYCLE,NOVA IGUACU,"Rodovia Presidente Dutra, 13006, NOVA IGUACU, RIO DE JANEIRO, Brazil",2021-04-18 22:09:37.968
BICYCLE,NOVA IGUACU,"Rodovia Presidente Dutra, 13006, Prata, NOVA IGUACU, Brazil",2021-04-19 09:29:56.522
BICYCLE,NOVA IGUACU,"Rodovia Presidente Dutra, 13006, NOVA IGUACU, RIO DE JANEIRO, Brazil",2021-04-19 20:46:00.365
BICYCLE,NOVA IGUACU,"Rua Maria Leopoldina, 667, Prata, NOVA IGUACU, Brazil",2021-04-24 19:23:54.733
BICYCLE,NOVA IGUACU,"Rodovia Presidente Dutra, 13006, NOVA IGUACU, RIO DE JANEIRO, Brazil",2021-04-25 09:06:34.237
BICYCLE,NOVA IGUACU,"Rodovia Presidente Dutra, 13006, Prata, NOVA IGUACU, Brazil",2021-04-25 16:26:54.808
BICYCLE,NOVA IGUACU,"Rua Frederico de Castro Pereira, 1250, Jardim Tropical, NOVA IGUACU, Brazil",2021-04-25 17:07:17.137
BICYCLE,NOVA IGUACU,"Rodovia Presidente Dutra, 13006, NOVA IGUACU, RIO DE JANEIRO, Brazil",2021-04-25 17:55:52.105
BICYCLE,NOVA IGUACU,"Rua Salazar, 9, Santo Antônio da Prata, BELFORD ROXO, Brazil",2021-04-25 20:25:08.073
BICYCLE,NOVA IGUACU,"Rodovia Presidente Dutra, 13006, Prata, NOVA IGUACU, Brazil",2021-04-27 11:47:22.521
BICYCLE,NOVA IGUACU,"Rodovia Presidente Dutra, 13006, Prata, NOVA IGUACU, Brazil",2021-04-27 13:01:47.889
BICYCLE,NOVA IGUACU,"Rodovia Presidente Dutra, 13006, NOVA IGUACU, RIO DE JANEIRO, Brazil",2021-05-01 09:28:33.132
BICYCLE,NOVA IGUACU,"Rodovia Presidente Dutra, 13006, Prata, NOVA IGUACU, Brazil",2021-05-01 20:46:58.041
BICYCLE,NOVA IGUACU,"Rua Flora de Araújo, 54, ANDRADE ARAUJO, NOVA IGUACU, Brazil",2021-05-01 22:46:31.819
BICYCLE,NOVA IGUACU,"Rodovia Presidente Dutra, 13006, Prata, NOVA IGUACU, Brazil",2021-05-01 23:56:47.713
BICYCLE,NOVA IGUACU,"Rodovia Presidente Dutra, 13006, Prata, NOVA IGUACU, Brazil",2021-05-02 09:59:24.535
BICYCLE,NOVA IGUACU,"Rodovia Presidente Dutra, 13006, Prata, NOVA IGUACU, Brazil",2021-05-02 12:20:11.525
BICYCLE,NOVA IGUACU,"Rodovia Presidente Dutra, 13006, Prata, NOVA IGUACU, Brazil",2021-05-02 12:25:25.381
BICYCLE,NOVA IGUACU,"Rodovia Presidente Dutra, 13006, Prata, NOVA IGUACU, Brazil",2021-05-02 16:48:11.128
BICYCLE,NOVA IGUACU,"Rodovia Presidente Dutra, 13006, Prata, NOVA IGUACU, Brazil",2021-05-02 17:42:43.711
BICYCLE,NOVA IGUACU,"Rodovia Presidente Dutra, 13006, Prata, NOVA IGUACU, Brazil",2021-05-02 18:30:37.600
BICYCLE,NOVA IGUACU,"Rua Antonieta, 243, Prata, NOVA IGUACU, Brazil",2021-05-02 21:59:01.972
BICYCLE,NOVA IGUACU,"Rodovia Presidente Dutra, 13006, Prata, NOVA IGUACU, Brazil",2021-05-06 12:12:44.642
BICYCLE,NOVA IGUACU,"Rodovia Presidente Dutra, 13006, NOVA IGUACU, RIO DE JANEIRO, Brazil",2021-05-06 12:23:05.930
BICYCLE,NOVA IGUACU,"Rodovia Presidente Dutra, 13006, NOVA IGUACU, RIO DE JANEIRO, Brazil",2021-05-06 12:35:24.844
BICYCLE,NOVA IGUACU,"Rodovia Presidente Dutra, 13006, Prata, NOVA IGUACU, Brazil",2021-05-07 20:11:18.130
BICYCLE,NOVA IGUACU,"Rua Doutor Lassance Cunha, 126, Jardim Tropical, NOVA IGUACU, Brazil",2021-05-07 20:49:30.935
BICYCLE,NOVA IGUACU,"RODOVIA PRESIDENTE DUTRA, 14000, JD TROPICAL, NOVA IGUACU, Brazil",2021-05-22 12:49:59.226
BICYCLE,NOVA IGUACU,"Rodovia Presidente Dutra, 13006, Prata, NOVA IGUACU, Brazil",2021-06-08 19:41:51.330
BICYCLE,NOVA IGUACU,"Rodovia Presidente Dutra, 13006, Prata, NOVA IGUACU, Brazil",2021-06-09 20:58:40.730
BICYCLE,NOVA IGUACU,"rua carlos ribeiro da costa, 128, PARQUE BARBARA, NOVA IGUACU, Brazil",2021-06-09 21:42:43.429
BICYCLE,NOVA IGUACU,"Rodovia Presidente Dutra, 13006, Prata, NOVA IGUACU, Brazil",2021-06-22 16:59:21.501
BICYCLE,NOVA IGUACU,"Rodovia Presidente Dutra, 13006, Prata, NOVA IGUACU, Brazil",2021-06-22 17:38:58.629
BICYCLE,NOVA IGUACU,"Rua Álvaro Castro Rocha, 49, ANDRADE ARAUJO, NOVA IGUACU, Brazil",2021-06-22 20:58:59.168
BICYCLE,NOVA IGUACU,"Rua Adail, 18, ANDRADE ARAUJO, NOVA IGUACU, Brazil",2021-06-23 20:16:58.776
BICYCLE,NOVA IGUACU,"Rua Álvaro Castro Rocha, 49, ANDRADE ARAUJO, NOVA IGUACU, Brazil",2021-06-23 21:37:24.415
BICYCLE,NOVA IGUACU,"Rua Álvaro Castro Rocha, 49, ANDRADE ARAUJO, NOVA IGUACU, Brazil",2021-06-23 22:33:50.169
BICYCLE,NOVA IGUACU,"Rodovia Presidente Dutra, 13006, Prata, NOVA IGUACU, Brazil",2021-06-23 23:22:28.448
BICYCLE,NOVA IGUACU,"Rodovia Presidente Dutra, 13006, Prata, NOVA IGUACU, Brazil",2021-06-24 12:14:01.138
BICYCLE,NOVA IGUACU,"Avenida Estrada de Ferro, 169, Prata, NOVA IGUACU, Brazil",2021-06-24 21:08:14.878
BICYCLE,NOVA IGUACU,"Rua Madressilva, 50, Jardim Tropical, NOVA IGUACU, Brazil",2021-06-25 20:53:54.204
BICYCLE,NOVA IGUACU,"Rodovia Presidente Dutra, 13006, Prata, NOVA IGUACU, Brazil",2021-06-25 21:35:49.963
BICYCLE,NOVA IGUACU,"Rua Maria Leopoldina, 667, Prata, NOVA IGUACU, Brazil",2021-06-25 21:51:36.221
BICYCLE,NOVA IGUACU,"Rodovia Presidente Dutra, 13006, Prata, NOVA IGUACU, Brazil",2021-06-25 22:28:47.879
BICYCLE,NOVA IGUACU,"Rodovia Presidente Dutra, 13006, Prata, NOVA IGUACU, Brazil",2021-07-06 14:07:07.200
BICYCLE,NOVA IGUACU,"Rodovia Presidente Dutra, 13006, Prata, NOVA IGUACU, Brazil",2021-07-06 14:52:18.554
BICYCLE,NOVA IGUACU,"Rodovia Presidente Dutra, 13006, NOVA IGUACU, RIO DE JANEIRO, Brazil",2021-07-06 17:10:28.091
